id,name,list_ingrid,image_url,list_bzu,list_resipe,recept_link
4582a3ea-ce8a-11ea-b871-0242ac1c0002,Японский рыбный бульон умеван,"['Рыба', 'Морская капуста', 'Шампиньоны', 'Тофу', 'Соль', 'Лимон', 'Соевый соус', 'Саке']",['//eda.ru/img/eda/-x900i/s2.eda.ru/StaticContent/Photos/110816122019/120213190510/p_O.jpg'],"['Калорийность 139 ккал', 'Белки 21,9 грамм', 'Жиры 3,7 грамм', 'Углеводы 3,5 грамм']","['1. Нарезать дольками шампиньоны и добавить в суп. Варить 5 минут.', '2. Нарезать кубиками тофу и варить 5 минут.', '3. Нарезать кружочками лимон и добавить в суп. Влить саке и соевый соус. Посолить. Довести до кипения и снять с огня.', '4. Накрыть суп крышкой и дать настояться.']",https://eda.ru/recepty/bulony/japonskij-ribnij-bulon-umevan-22287
459a57ec-ce8a-11ea-9715-0242ac1c0002,Бульон овощной,"['Морковь', 'Белокочанная капуста', 'Корень сельдерея', 'Петрушка', 'Лук репчатый', 'Вода', 'Жир', 'Соль']",['//eda.ru/img/eda/-x900i/s1.eda.ru/StaticContent/Photos/120131085624/120213174848/p_O.jpg'],"['Калорийность 45 ккал', 'Белки 0,6 грамм', 'Жиры 3,8 грамм', 'Углеводы 2,3 грамм']","['1. Овощи тщательно промыть, разрезать на части, залить горячей водой, прибавить жир, посолить, варить в закрытой посуде до готовности овощей.']",https://eda.ru/recepty/bulony/bulon-ovoschnoj-14259
45ab8a26-ce8a-11ea-84af-0242ac1c0002,Классический светлый куриный бульон,"['Куриные кости', 'Морковь', 'Корень петрушки', 'Лук репчатый', 'Лук-порей', 'Стебель сельдерея', 'Черный душистый перец горошком', 'Черный перец горошком', 'Соль']",['//eda.ru/img/eda/-x900i/s1.eda.ru/StaticContent/Photos/120131083923/170905155152/p_O.jpg'],"['Калорийность 423 ккал', 'Белки 46,6 грамм', 'Жиры 20,2 грамм', 'Углеводы 9,8 грамм']","['1. Куриные кости должны быть с некоторым количеством мяса: шеи, ножки, крылья.', '2. Положить курицу в кастрюлю и залить 3 л воды. Довести до кипения, снять пену.', '3. Пока бульон закипает, очистить и крупно нарезать корень петрушки, морковь и луковицу.', '4. Порей промыть и крупно нарезать.', '5. После закипания убавить огонь до минимума и засыпать в кастрюлю нарезанные овощи.', '6. Варить под неплотно закрытой крышкой 2.5 часа, периодически снимая пену.', '7. За полчаса до окончания варки добавить в кастрюлю крупно нарезанный сельдерей и перцы. Посолить.', '8. Готовый бульон процедить через марлю.']",https://eda.ru/recepty/bulony/klassicheskiy-svetlyy-kurinyy-bulon-93912
45c00dfc-ce8a-11ea-8c8e-0242ac1c0002,Куриный бульон со сморчками и черным трюфелем,"['Вода', 'Курица', 'Лук', 'Морковь', 'Сельдерей', 'Сморчки', 'Сливочное масло', 'Трюфели', 'Трюфельное масло']",['//eda.ru/img/eda/-x900i/s1.eda.ru/StaticContent/Photos/160525131253/160604012345/p_O.jpg'],"['Калорийность 4470 ккал', 'Белки 363,4 грамм', 'Жиры 327,8 грамм', 'Углеводы 18,8 грамм']","['1. В кастрюлю поместить курицу, залить водой, поставить на плиту. Как только вода в кастрюле закипит, уменьшить огонь и удалить ложкой образовавшуюся на поверхности воды пену.', '2. Достать курицу и поместить следующую. Повторить процедуру удаления пены, после чего положить третью курицу, также проварить и снова убрать пену.', '3. На сковороде обжарить лук, морковь и сельдерей без добавления масла. Сморчки отварить отдельно до готовности. Овощи, сморчки и сливочное масло добавить  в кастрюлю с курицей и продолжать варить на медленном огне, посолить.', '4. Перед подачей бульон сверху сбрызнуть трюфельным маслом и посыпать трюфелем, натертым на мелкой терке. Украсить луком сибулетом.']",https://eda.ru/recepty/bulony/kurinyy-bulon-so-smorchkami-i-chernym-tryufelem-69488
46220764-ce8a-11ea-b871-0242ac1c0002,Мясной бульон быстрого приготовления,"['Мясо', 'Лук репчатый', 'Морковь', 'Корень сельдерея', 'Корень петрушки', 'Вода']",['//eda.ru/img/eda/-x900i/s1.eda.ru/StaticContent/Photos/120213174921/1202131749472/p_O.jpg'],"['Калорийность 189 ккал', 'Белки 17 грамм', 'Жиры 10,6 грамм', 'Углеводы 7,3 грамм']","['1. Мясо третьего или четвертого сорта промыть, мякоть срезать, пропустить через мясорубку, кости разрубить; все положить в кастрюлю, залить холодной водой и в таком виде оставить на 20-30 минут, а затем, не меняя воды, поставить варить.', '2. Добавить в начале варки очищенные и разрезанные коренья, часть которых предварительно поджарить без масла на сковороде.', '3. Через 20 минут после начала варки положить соль.', '4. Бульон варить при слабом кипении 30–40 минут, потом процедить и использовать как обычный мясной бульон.']",https://eda.ru/recepty/bulony/mjasnoj-bulon-bistrogo-prigotovlenija-14606
4632207c-ce8a-11ea-9715-0242ac1c0002,Простой куриный бульон,"['Лук репчатый', 'Курица', 'Морковь']",['//eda.ru/img/eda/-x900i/s2.eda.ru/StaticContent/Photos/120214131251/140824234958/p_O.jpg'],"['Калорийность 727 ккал', 'Белки 60,5 грамм', 'Жиры 52,5 грамм', 'Углеводы 3,3 грамм']","['1. Берете курицу, можете порезать ее на 2 или 4 части, а можете положить целиком в кастрюлю, наливаете воду в кастрюлю так, чтобы она покрыла курицу на 1,5–2 пальца. Довести до кипения.', '2. После закипания понизить огонь, снять пену, добавить крупно нарезанные лук и морковь.', '3. В процессе варки вода будет выкипать, и потому восполнить нужное вам количество жидкости можно, добавив горячей воды столько, сколько вам надо, только не забывайте пробовать бульон на соль.', '4. При приготовлении надо дать бульону закипеть, потом уменьшить газ и дальше варить на малом огне.']",https://eda.ru/recepty/bulony/prostoj-kurinij-bulon-31204
46447f2e-ce8a-11ea-84af-0242ac1c0002,Мясной обезжиренный бульон,"['Трубчатые кости', 'Мясо', 'Лук репчатый', 'Морковь', 'Яичный белок', 'Вода']",['//eda.ru/img/eda/-x900i/s1.eda.ru/StaticContent/Photos/120214122930/120214123232/p_O.jpg'],[],"['1. Кости мелко изрубить, залить холодной водой и быстро довести до кипения. Варить кости при слабом кипении 4–5 часов.', '2. Мясо пропустить через мясорубку, смешать с яичным белком и холодной водой (50 грамм), ввести в бульон и кипятить 1 час.', '3. Овощи нарезать тонкими пластинками, поджарить (без жира) до коричневого цвета и положить в бульон за 40 минут до готовности.', '4. Готовый бульон процедить сквозь салфетку, очистить от жира и подавать к столу.']",https://eda.ru/recepty/bulony/mjasnoj-obezzhirennij-bulon-15018
46565eb0-ce8a-11ea-8c8e-0242ac1c0002,Бульон с саго,"['Саго', 'Петрушка', 'Мясной бульон']",[],"['Калорийность 61 ккал', 'Белки 4,6 грамм', 'Жиры 1 грамм', 'Углеводы 9,3 грамм']","['1. В кипящий мясной бульон положить саго и варить в течение 15-30 минут.', '2. Готовый суп разлить в тарелки, посыпать рубленой зеленью петрушки.']",https://eda.ru/recepty/bulony/bulon-s-sago-14643
46b066da-ce8a-11ea-b871-0242ac1c0002,Прозрачный мясной бульон,"['Вода', 'Мясо', 'Корень петрушки', 'Морковь', 'Лук репчатый', 'Соль', 'Яичный белок']",['//eda.ru/img/eda/-x900i/s1.eda.ru/StaticContent/Photos/120213174921/1202131749520/p_O.jpg'],"['Калорийность 177 ккал', 'Белки 17,3 грамм', 'Жиры 10,4 грамм', 'Углеводы 4,1 грамм']","['1. Промытое мясо положить в кастрюлю, залить холодной водой, накрыть крышкой и поставить на огонь. Когда вода закипит, снять с поверхности пену.', '2. Через час-полтора положить коренья и лук. Для придания бульону большего аромата и золотистой окраски часть кореньев половину моркови, петрушки и луковицы - поджарить без масла (с одной стороны) на разогретой чугунной сковороде, затем положить их в бульон, одновременно посолив его', '3. Продолжительность варки прозрачного бульона — от 2 до 2,5 часов. Готовое мясо вынуть и использовать для приготовления второго блюда. После того как бульон отстоится, снять сверху жир и процедить бульон сквозь частое сито или салфетку.', '4. Для получения еще более крепкого и совершенно прозрачного бульона дополнительно нужно произвести так называемое оттягивание (осветление). Для приготовления оттяжки взять 300 грамм мяса третьего или четвертого сорта. Мясо пропустить через мясорубку, положить в отдельную кастрюлю, добавить один яичный белок, стакан бульона, перемешать и в таком виде оставить на 20-30 минут. Затем все это влить в горячий бульон, закрыть крышкой, поставить на огонь и при слабом кипении продолжать варку в течение 30-40 минут. Когда оттяжка свернется и осядет на дно, бульон осторожно процедить.']",https://eda.ru/recepty/bulony/prozrachnij-mjasnoj-bulon-14632
46ea0d36-ce8a-11ea-9715-0242ac1c0002,Тайский бульон,"['Вода', 'Куриные кости', 'Лук репчатый', 'Сельдерей', 'Свежая кинза (кориандр)', 'Листья лайма', 'Соль', 'Тертый имбирь', 'Перец черный молотый']",['//eda.ru/img/eda/-x900i/s1.eda.ru/StaticContent/Photos/120213180046/120213180329/p_O.jpg'],"['Калорийность 276 ккал', 'Белки 28,7 грамм', 'Жиры 12,3 грамм', 'Углеводы 10,7 грамм']","['1. Сельдерей порезать на небольшие кусочки, луковицы на четвертинки, корень кориандра и корень имбиря порезать очень мелко. Положите все ингредиенты в большую кастрюлю, дайте закипеть, подержите на большом огне несколько минут, уменьшите огонь и снимите пенку с бульона. Накройте крышкой и дайте жидкости побулькать примерно час.', '2. Процедите в случае необходимости несколько раз через мелкое ситечко, чтобы получить как можно более чистый бульон. Охладите и еще раз снимите пенку с поверхности. Бульон можно хранить в холодильнике несколько дней или заморозить для более долгого хранения.']",https://eda.ru/recepty/bulony/tajskij-bulon-17746
47117704-ce8a-11ea-84af-0242ac1c0002,Куриный бульон с рисом и яйцами,"['Курица', 'Вода', 'Лук-шалот', 'Морковь', 'Стебель сельдерея', 'Чеснок', 'Рис басмати', 'Яйцо куриное', 'Укроп', 'Соль']",['//eda.ru/img/eda/-x900i/s2.eda.ru/StaticContent/Photos/120131082342/160822183409/p_O.jpg'],"['Калорийность 656 ккал', 'Белки 47,5 грамм', 'Жиры 38,5 грамм', 'Углеводы 29,5 грамм']","['1. Курицу хорошо промыть, положить в кастрюлю и залить холодной водой.', '2. Довести до кипения, снять пену, положить очищенные и произвольно нарезанные шалот, морковь, стебель сельдерея и чеснок, посолить. Варить около 4 часов.', '3. Рис отварить отдельно до готовности.', '4. Яйца сварить вкрутую, охладить, очистить.', '5. Готовый бульон процедить (овощи выбросить), курицу слегка охладить и разобрать мясо на кусочки руками.', '6. Подать с отварным рисом, кусочками куриного мяса и рубленой зеленью.', '7. Украсить каждую порцию половинкой сваренного вкрутую яйца.']",https://eda.ru/recepty/bulony/kurinyy-bulon-s-risom-i-yaycami-80335
4712e31e-ce8a-11ea-8c8e-0242ac1c0002,Крепкий говяжий бульон,"['Говяжья вырезка', 'Телячьи мозговые кости', 'Говяжьи голяшки', 'Пастернак', 'Морковь', 'Стебель сельдерея', 'Лук репчатый', 'Укроп', 'Петрушка', 'Лавровый лист', 'Черный перец горошком', 'Соль']",[],"['Калорийность 4727 ккал', 'Белки 553,9 грамм', 'Жиры 251,6 грамм', 'Углеводы 67 грамм']","['1. Говядину, кости, копченую голяшку положите в кастрюлю и залейте 14 стаканами воды. Доведите до кипения, снимите пенку.', '2. Добавьте очищенные пастернак, морковь, сельдерей, луковицу, укроп, петрушку, лавровые листы, перец горошком и соль. Доведите до кипения, убавьте огонь до среднего, накройте крышкой и томите час-полтора.', '3. Процедите бульон. Говяжью вырезку и голень можете использовать для приготовления других блюд.']",https://eda.ru/recepty/bulony/krepkij-govjazhij-bulon-54522
475b5400-ce8a-11ea-b871-0242ac1c0002,Бульон даси с овощами,"['Морковь', 'Картофель', 'Дайкон', 'Мисо паста', 'Тунец бонито', 'Морская капуста', 'Соль', 'Соевый соус']",['//eda.ru/img/eda/-x900i/s2.eda.ru/StaticContent/Photos/110816122017/120213190510/p_O.jpg'],"['Калорийность 112 ккал', 'Белки 6,2 грамм', 'Жиры 1,5 грамм', 'Углеводы 19 грамм']","['1. Сушеную морскую капусту нарезать кусочками и залить водой. Довести до кипения и добавить тунца бонито и пасту мисо.', '2. Нарезать небольшими кусочками картофель, морковь и дайкон. Добавить овощи в суп и варить 20 минут.', '3. Добавить в суп соль и соевый соус. Варить 10 минут.']",https://eda.ru/recepty/bulony/bulon-dasi-s-ovoschami-22286
479afd94-ce8a-11ea-9715-0242ac1c0002,Овощной бульон,"['Лук-порей', 'Морковь', 'Лук репчатый', 'Стебель сельдерея', 'Чеснок', 'Анис (бадьян)', 'Молотый кориандр', 'Молотый белый перец', 'Базилик', 'Петрушка', 'Кервель', 'Зеленый лук', 'Лимон', 'Белое сухое вино']",['//eda.ru/img/eda/-x900i/s2.eda.ru/StaticContent/Photos/120131082618/120214122937/p_O.jpg'],"['Калорийность 126 ккал', 'Белки 5,5 грамм', 'Жиры 0,6 грамм', 'Углеводы 23,4 грамм']","['1. Овощи и чеснок выложить в большую сковороду. Залить водой (потребуется около литра), так чтобы полностью покрыть овощи. Довести до кипения. Снять пену, убавить огонь, варить, не закрывая крышкой минут 8.', '2. Пока овощи варятся, размолоть анис, зерна коринадра и белый перец. По истечении 8 минут добавить к овощам специи, зелень, четвертинки лимона.', '3. Подержать на маленьком огне еще пару минут, выключить огонь, влить вино. Оставить бульон остывать.', '4. Перелить в подходящую емкость, накрыть и поставить в холодильник на 24 часа.', '5. На следующий день пропустить бульон сквозь сито, откинуть овощи. Хранить овощной бульон в холодильнике под крышкой.']",https://eda.ru/recepty/bulony/ovoschnoj-bulon-14830
47a7d7a8-ce8a-11ea-8c8e-0242ac1c0002,Бульон из цесарки с яичными клецками,"['Цесарка', 'Лук репчатый', 'Морковь', 'Сельдерей', 'Укроп', 'Смесь перцев', 'Соль', 'Яйцо цесарки', 'Яичный желток', 'Сливочное масло', 'Манная крупа', 'Разрыхлитель']",['//eda.ru/img/eda/-x900i/s2.eda.ru/StaticContent/Photos/120213181923/160930180123/p_O.jpg'],"['Калорийность 583 ккал', 'Белки 67,3 грамм', 'Жиры 23,7 грамм', 'Углеводы 22,5 грамм']","['1. Для бульона поместить цесарку в кастрюлю и залить полностью холодной водой. На сильном огне довести до кипения, сразу же уменьшите огонь до минимума. Варите, тщательно снимая пену и не давая бурлить, пока пена не перестанет образовываться, что займет примерно 20 минут.', '2. Тем временем неочищенные луковицу и морковь разрезать вдоль пополам и припечь на сухой сковороде до коричневых подпалин. Добавить в кастрюлю с цесаркой лук, морковь, крупно нарезанные черешки сельдерея, перец горошком и соль. Варить 2 часа на минимальном огне, не позволяя бульону бурлить. После чего вытащитб цесарку и процедите бульон через марлю.', '3. У цесарки удалить все кости, мясо (по желанию – вместе с кожей) нарезать небольшими удобными для еды кусочками.', '4. Тесто для клецек начать делать сразу после того, как в бульон добавлены овощи. Взбить целые яйца с желтками и манкой, посолить, добавить разрыхлитель и растопленное масло. Тесто должно получиться не крутым, но и не слишком жидким. Накрыть пленкой и оставить при комнатной температуре (не в тепле), пока варится бульон.', '5. Мелко нарезать укроп. Процеженый бульон посолить и довести до кипения. Двумя мокрыми чайными ложками быстро опустить в не слишком бурно кипящий бульон небольшие клецки. Они варятся примерно 7 минут. Подавать бульон с клецками, посыпав укропом; отдельно поставить пиалу с кусочками цесарки, чтобы каждый добавлял себе в тарелку столько, сколько захочет.']",https://eda.ru/recepty/bulony/bulon-iz-cesarki-s-yaichnymi-kleckami-80792
47b742a6-ce8a-11ea-84af-0242ac1c0002,Куриный бульон с яйцом и чипсом из куриной кожи,"['Куриная кожа с жиром', 'Куриные кости', 'Соль', 'Петрушка', 'Лук репчатый', 'Чеснок', 'Вода', 'Укроп', 'Яйцо куриное', 'Белый хлеб', 'Твердый сыр']",['//eda.ru/img/eda/-x900i/s1.eda.ru/StaticContent/Photos/120131082409/170502150712/p_O.jpg'],"['Калорийность 3517 ккал', 'Белки 92,3 грамм', 'Жиры 290,1 грамм', 'Углеводы 126,6 грамм']","['1. В кастрюлю закладываем кости, ботву, ½ часть луковицы и чеснок. Варим на среднем огне примерно 25-30 мин.', '2. Пока варится бульон, делаем чипсы. Расстилаем кожу на противне, солим и готовим под прессом в духовке, при 150 гр. – 20 минут.', '3. Варим яйца, после закипания, не более 5 минут (чтобы получился жидкий желток), затем сливаем кипяток и заливаем холодной водой. При варке яиц, в воду необходимо добавить пару щепоток соли, чтобы в следствии они лучше чистились.', '4. Для гренок, произвольно нарываем хлеб, затем выкладываем на противень. Посыпаем мелко натертым твердым сыром и поливаем вытопленным жиром от кожи. Подсушиваем в духовке в течение 5-7 минут, при 150 гр., в духовке.', '5. Бульон процеживаем и солим, обязательно в конце, чтобы он не помутнел в процессе варки. Сервируем на свой вкус.']",https://eda.ru/recepty/bulony/kurinyy-bulon-s-yaycom-i-chipsom-iz-kurinoy-kozhi-93009
48019d10-ce8a-11ea-b871-0242ac1c0002,Куриные грудки в бульоне,"['Куриная грудка', 'Сельдерей', 'Лук репчатый', 'Морковь']",['//eda.ru/img/eda/-x900i/s2.eda.ru/StaticContent/Photos/120131082509/120214155839/p_O.jpg'],"['Калорийность 70 ккал', 'Белки 12,4 грамм', 'Жиры 1 грамм', 'Углеводы 3,2 грамм']","['1. Приготовить овощной бульон с любыми любимыми вами бульонными овощами и зеленью. Прокипятить все минут 10.', '2. Положить в бульон свежие куриные грудки (разрезать грудку на 4 части вдоль), вскипятить (не варить!) и выключить, закрыв крышкой. Когда бульон абсолютно остынет — нежнейшие, моментальные грудки готовы.']",https://eda.ru/recepty/bulony/kurinie-grudki-v-bulone-30282
4838c394-ce8a-11ea-9715-0242ac1c0002,Куриный бульон с мирпуа,"['Курица', 'Лук репчатый', 'Морковь', 'Петрушка', 'Сельдерей', 'Тимьян', 'Лавровый лист', 'Черный перец горошком', 'Крупная соль']",['//eda.ru/img/eda/-x900i/s2.eda.ru/StaticContent/Photos/120214124812/120214125115/p_O.jpg'],"['Калорийность 749 ккал', 'Белки 61,7 грамм', 'Жиры 52,7 грамм', 'Углеводы 7,5 грамм']","['1. Все ингредиенты положить в большую кастрюлю, залить холодной водой (около 4-х литров), довести до кипения и варить около 2-х часов на медленном огне', '2. Готовый бульон остудить и процедить']",https://eda.ru/recepty/bulony/kurinyy-bulon-s-mirpua-23371
484701e8-ce8a-11ea-8c8e-0242ac1c0002,Говяжий бульон,"['Лук репчатый', 'Телячья голень', 'Стебель сельдерея', 'Морковь', 'Лук-порей', 'Петрушка', 'Букет гарни']",[],"['Калорийность 8447 ккал', 'Белки 1274,9 грамм', 'Жиры 332,7 грамм', 'Углеводы 106 грамм']","['1. Разрежьте луковицы пополам. Выложите в кастрюлю стороной среза вниз и готовьте, не переворачивая, 5 минут. Затем выложите луковицы в большую кастрюлю.', '2. Обжарьте голень.', '3. В кастрюлю положите голень, лук, сельдерей, почищенную морковь, лук-порей, петрушку и букет гарни. Готовьте на среднем огне 20 минут, затем залейте 6 литрами воды, доведите до кипения, убавьте огонь и томите 2 12 часа, снимая пенку с бульона. Процедите бульон, охладите немного и снимите жир.']",https://eda.ru/recepty/bulony/govjazhij-bulon-54524
4858862a-ce8a-11ea-84af-0242ac1c0002,Рыбный бульон,"['Лук репчатый', 'Рыбные обрезки', 'Стебли петрушки', 'Лимонный сок', 'Соль', 'Белое сухое вино', 'Сливочное масло']",[],"['Калорийность 253 ккал', 'Белки 42,4 грамм', 'Жиры 1,7 грамм', 'Углеводы 14,6 грамм']","['1. Порубить острым ножом рыбные кости и все обрезки, сложить в смазанный сливочным маслом сотейник вместе с измельченным луком и петрушкой, добавить лимонный сок, соль, накрыть крышкой и потушить на среднем огне пять минут. Затем влить 800 мл воды и вино, довести до кипения и варить двадцать минут.', '2. Готовый бульон процедить.']",https://eda.ru/recepty/bulony/ribnij-bulon-42469
48b25402-ce8a-11ea-b871-0242ac1c0002,Рыбный бульон с белым вином,"['Рыбные кости', 'Оливковое масло', 'Лук репчатый', 'Лук-порей', 'Корень сельдерея', 'Чеснок', 'Семена кориандра', 'Молотый белый перец', 'Белое сухое вино', 'Укроп', 'Морковь']",['//eda.ru/img/eda/-x900i/s1.eda.ru/StaticContent/Photos/120213175134/1202131752280/p_O.jpg'],"['Калорийность 715 ккал', 'Белки 70,5 грамм', 'Жиры 33,5 грамм', 'Углеводы 23,3 грамм']","['1. Порезать рыбные кости на кусочки по 6 см. Подержать в холодной  воде 10 минут, просушить в дуршлаге.', '2. Разогреть масло в большой кастрюле. Добавить овощи, лук и специи, перемешать, затем готовить на слабом огне 5 минут, пока овощи не начнут становиться мягкими. Долить вино. Усилить огонь, довести до кипения, дать остыть в течение 2-х минут.', '3. Добавить рыбьи кости и 1,5 литра холодной воды. Довести до кипения на сильном огне, потом тут же сбавить огонь до самого слабого и слегка потрясти кастрюлю — все лишние кусочки всплывут на поверхность. Снять их половником, затем поставить кастрюлю обратно на умеренный огонь. Готовить около 20 минут, снимая с поверхности все лишние кусочки, которые будут всплывать.', '4. Слить бульон через дуршлаг в чистую кастрюлю, выловить все кости и овощи, а потом пропустить через мелкое сито в другую чистую кастрюлю. Бульон надо использовать сразу после приготовления. Или быстро охладить и поставить в холодильник, предварительно накрыв крышкой.']",https://eda.ru/recepty/bulony/ribnij-bulon-s-belim-vinom-15642
48d176fc-ce8a-11ea-9715-0242ac1c0002,Мясной бульон с овощами,"['Мясо', 'Лук репчатый', 'Морковь', 'Корень сельдерея', 'Лавровый лист', 'Соль', 'Молотый душистый перец']","['//eda.ru/img/eda/-x900i/s1.eda.ru/StaticContent/Photos/120131090342/120213185458/p_O.jpg', '//eda.ru/img/eda/-x900i/s2.eda.ru/StaticContent/Photos/141214012603/141222174406/p_O.jpg', '//eda.ru/img/eda/-x900i/s1.eda.ru/StaticContent/Photos/141214012603/141222174410/p_O.jpg']","['Калорийность 187 ккал', 'Белки 16,9 грамм', 'Жиры 10,5 грамм', 'Углеводы 6,7 грамм']","['1. Тщательно промойте мясо, залейте 3 литрами воды и доведите до кипения. Снимите пену или, если мясо слишком жирное, слейте весь бульон и заново залейте мясо водой. Варите 1,5 – 2 часа.', '2. Добавьте в кастрюлю морковь, лук и сельдерей. Посолите бульон, добавьте душистый перец, лавровый лист и варите еще 40 минут.', '3. Шумовкой достаньте из готового бульона морковь, лук, сельдерей и мясо.', '4. Для большей прозрачности процедите бульон через сито.']",https://eda.ru/recepty/bulony/myasnoy-bulon-s-ovoschami-21625
49029c64-ce8a-11ea-84af-0242ac1c0002,Домашняя курица в луково-яичном бульоне,"['Курица', 'Лук репчатый', 'Яйцо куриное', 'Соль', 'Зелень', 'Перец черный молотый']","['//eda.ru/img/eda/-x900i/s2.eda.ru/StaticContent/Photos/151212225533/151223122026/p_O.jpg', '//eda.ru/img/eda/-x900i/s2.eda.ru/StaticContent/Photos/151212225533/151223122046/p_O.jpg']","['Калорийность 635 ккал', 'Белки 49,9 грамм', 'Жиры 41,5 грамм', 'Углеводы 17,1 грамм']","['1. Разделать курицу на кусочки. Желательно чтобы птица была домашняя и не взрослая. От того какая она, зависит и вкус блюда. Промытое мясо положить в кастрюлю 3,5-4 л залить водой, варить сколько потребуется, для того чтобы мясо было мягким.', '2. Когда курица сварилась, процедить бульон, если он жирный и его осталось мало, можно добавить немного воды. Но бульон должен быть чуть выше мяса', '3. Мелко нарежем 8 средних луковиц и добавим к бульону', '4. Посолить и поперчить.', '5. Когда лук станет прозрачным добавить взбитые венчиком яйца. Все хорошо перемешать.', '6. Всю зелень, которую вы любите можно нарезать мелко и положить в суп. Я кладу укроп и петрушку не много, кинзу чуть больше и зелёный лук можно перьями для украшения уже готового блюда.']",https://eda.ru/recepty/bulony/domashnjaja-kurica-v-lukovo-jaichnom-bulone-55950
49122706-ce8a-11ea-8c8e-0242ac1c0002,Мясной бульон с травами,"['Вода', 'Говяжья грудинка', 'Говяжьи голяшки', 'Морковь', 'Сельдерей', 'Лук-шалот', 'Тимьян', 'Майоран', 'Лавровый лист', 'Гвоздика', 'Черный перец горошком', 'Соль', 'Растительное масло']",[],"['Калорийность 653 ккал', 'Белки 76,8 грамм', 'Жиры 36,4 грамм', 'Углеводы 5,6 грамм']","['1. Примерно половину голяшек, 1 луковицу и морковь смазать маслом, положить в большую форму для запекания и поставить под разогретый гриль. Запекать до золотистого цвета 15–20 минут. За это время 1 раз перевернуть.', '2. Мякоть говяжьей грудинки (или лопатки) нарезать кубиками со стороной 2–3 см. В оставшуюся луковицу воткнуть гвоздику. Поместить сырое мясо и кости в большую кастрюлю, залить 3,5 литрами холодной воды и оставить на 30 минут', '3. Добавить в кастрюлю обжаренные кости, поставить на небольшой огонь, довести до кипения, ни в коем случае не давая бурно кипеть. Снять пену, готовить на минимальном огне 4 часа.', '4. Положить соль, специи и овощи, готовить еще 1,5 часа. Добавить тимьян и майоран, готовить еще 30 минут. Процедить и охладить 1 час, снимая жир.']",https://eda.ru/recepty/bulony/myasnoy-bulon-s-travami-125778
49536ca2-ce8a-11ea-b871-0242ac1c0002,Бульон с сельдерееем,"['Корень сельдерея', 'Мясной бульон', 'Корень петрушки', 'Морковь']",['//eda.ru/img/eda/-x900i/s1.eda.ru/StaticContent/Photos/120213174921/1202131749551/p_O.jpg'],"['Калорийность 44 ккал', 'Белки 4,5 грамм', 'Жиры 1,4 грамм', 'Углеводы 4 грамм']","['1. Поставить варить мясной прозрачный бульон. Спустя час-полтора после того, как он закипит, добавить очищенные коренья — морковь, петрушку, сельдерей. Продолжать варку до полной готовности овощей.', '2. Готовый бульон процедить, разлить в бульонные чашки и подавать с гренками или пирожками.']",https://eda.ru/recepty/bulony/bulon-s-seldereeem-14652
496fe35a-ce8a-11ea-9715-0242ac1c0002,Куриный бульон с водорослями нори,"['Курица', 'Сельдерей', 'Лук репчатый', 'Морковь', 'Томатная паста', 'Лавровый лист', 'Сухие водоросли нори', 'Соль', 'Черный перец горошком']",['//eda.ru/img/eda/-x900i/s2.eda.ru/StaticContent/Photos/120214134655/150616141334/p_O.jpg'],"['Калорийность 377 ккал', 'Белки 31,3 грамм', 'Жиры 26,3 грамм', 'Углеводы 3,9 грамм']","['1. Курицу помыть, залить тремя литрами воды, положить в ту же кастрюлю, в компанию к курице, очищенные луковицу и морковь, стебель сельдерея. Довести воду в кастрюле до ки\xadпения, после чего убавить огонь до чуть ниже среднего, \xadчтобы жидкость тихо булькала. Снять пену.', '2. Бросить в бульон черный перец, предварительно раскрошив его в ступке, лавровый лист, добавить томатную пасту. Варить еще пятьдесят минут, затем посолить по вку\xadсу и процедить.', '3. Водоросли нори нарезать соломкой — тонкой или толстой. Подавать куриный бульон вместе с водорослями.']",https://eda.ru/recepty/bulony/kurinij-bulon-s-vodorosljami-nori-30993
499b3ac8-ce8a-11ea-84af-0242ac1c0002,Овощной суп на мясном бульоне,"['Мясо', 'Картофель', 'Морковь', 'Лук репчатый', 'Зелень', 'Специи', 'Оливковое масло']",[],"['Калорийность 152 ккал', 'Белки 6,5 грамм', 'Жиры 8,3 грамм', 'Углеводы 13,9 грамм']","['1. Мясо предварительно хорошо промыть и залить холодной водой.', '2. Довести до кипения, добавить 2 щепотки соли и варить на медленном огне, снимая пенку, 30–40 минут.', '3. Морковь натереть на терке, и мелко нарезать лук. Полученную смесь обжарить до золотистого цвета на сковородке с добавлением оливкового масла.', '4. Картофель нарезать на небольшие квадратики.', '5. Морковь, лук и картошку добавить в кипящую воду с мясом, уменьшить огонь и добавить специи.', '6. Оставить суп на медленном огне минут на 15.']",https://eda.ru/recepty/bulony/ovoshhnoj-sup-na-mjasnom-bulone-35269
49c7a55e-ce8a-11ea-8c8e-0242ac1c0002,Куриный бульон с имбирем и чесноком,"['Курица', 'Свежий корень имбиря', 'Чеснок', 'Зеленый лук', 'Соль']",[],"['Калорийность 390 ккал', 'Белки 30,9 грамм', 'Жиры 26,6 грамм', 'Углеводы 6,8 грамм']","['1. Имбирь, не очищая, нарезать по диагонали ломтиками толщиной 1 см. Чеснок, не очищая, слегка раздавить плоской стороной ножа', '2. Положить курицу (1,5 кг) или 600 гр куриного филе и 2 кг куриных каркасов, крыльев, шей и лапок в большую кастрюлю. Залить 4 л холодной воды и на небольшом огне довести до кипения. Уменьшить огонь до минимума - бульон не должен кипеть.', '3. Снимать поднимающуюся пену, не перемешивая бульон. Это может занять 20-30 минут. Добавить соль, имбирь, чеснок и белую часть зеленого лука. Варить 4 часа. Если используется целая курица, то, если есть желание использовать мясо для других рецептов, можно достать курицу из бульона через пару часов, срезать все мясо, а остальное вернуть в бульон и варить еще 2-2,5 часа', '4. Готовый бульон остудить. процедить. Охладить 1 час, удалить жир и использовать бульон для приготовления супов.']",https://eda.ru/recepty/bulony/kurinyy-bulon-s-imbirem-i-chesnokom-125594
49f22df6-ce8a-11ea-b871-0242ac1c0002,Бульон с кореньями и зеленью,"['Мясной бульон', 'Репа', 'Морковь', 'Цветная капуста', 'Шпинат', 'Стручковый зеленый горошек', 'Петрушка']",['//eda.ru/img/eda/-x900i/s2.eda.ru/StaticContent/Photos/120213174921/1202131749550/p_O.jpg'],"['Калорийность 48 ккал', 'Белки 5,6 грамм', 'Жиры 1,4 грамм', 'Углеводы 4,6 грамм']","['1. В горячий мясной или куриный бульон положить овощи — сначала морковь, репу и спаржу, нарезанные брусочками, цветную капусту, разобранную на мелкие соцветия, а затем стручки фасоли или горошка, разрезанные поперек на 2-3 части. Спустя 15-20 минут добавить нарезанные листики шпината или салата и дать бульону прокипеть в течение 2-3 минут.']",https://eda.ru/recepty/bulony/bulon-s-korenjami-zelenju-14651
4a1617fc-ce8a-11ea-9715-0242ac1c0002,Бульон с яйцом,"['Мясной бульон', 'Яйцо куриное']",['//eda.ru/img/eda/-x900i/s1.eda.ru/StaticContent/Photos/120213174921/1202131749553/p_O.jpg'],"['Калорийность 104 ккал', 'Белки 9,1 грамм', 'Жиры 7 грамм', 'Углеводы 0,4 грамм']","['1. Сварить мясной или куриный бульон, разлить в тарелки или бульонные чашки и опустить в каждую тарелку очищенное от скорлупы яйцо, сваренное в мешочек.']",https://eda.ru/recepty/bulony/bulon-s-jajcom-14654
4a2a1950-ce8a-11ea-84af-0242ac1c0002,Крепкий костный телячий бульон,"['Говяжьи голяшки', 'Телячья голень', 'Куриные крылья', 'Куриная спинка', 'Куриные шейки', 'Вода', 'Букет гарни', 'Чеснок', 'Лук репчатый', 'Соль', 'Морковь', 'Гвоздика']",['//eda.ru/img/eda/-x900i/s1.eda.ru/StaticContent/Photos/110801145439/120214133943/p_O.jpg'],[],"['1. На дно большой кастрюли поместите специальное проволочное дно, которое не даст подгореть мясу. На решетку выложите мясо и кости и залейте все водой. Доведите до кипения и удалите с помощью шумовки пену. Продолжайте снимать пену в течение 15 минут, пока она окончательно не исчезнет. Добавьте в кастрюлю букет гарни (который должен включать в себя лук-порей и сельдерей), чеснок, лук, морковь, добавьте соль. Доведите до кипения, снова соберите пену. Убавьте огонь до самого слабого, накройте крышкой и готовьте бульон 6-7 часов. Время от времени удаляйте с помощью шумовки с поверхности бульона жир.', '2. Готовый бульон процедите в большую миску, затем еще раз через дуршлаг, проложенный несколькими слоями марли. Дайте бульону остыть, затем уберите его в холодильник и дайте затвердеть. Удалите с поверхности весь жир и все следы жира с помощью салфетки.']",https://eda.ru/recepty/bulony/krepkij-kostnij-teljachij-bulon-26053
4a5d6f26-ce8a-11ea-8c8e-0242ac1c0002,Ароматный куриный бульон с имбирем,"['Вода', 'Куриное филе', 'Куриные кости', 'Свежий имбирь', 'Чеснок', 'Зеленый лук', 'Соль', 'Куриные шейки']",[],"['Калорийность 717 ккал', 'Белки 82,9 грамм', 'Жиры 33,4 грамм', 'Углеводы 14,3 грамм']","['1. Имбирь (около 4 см), не очищая, нарезать по диагонали ломтиками толщиной 1 см. Чеснок, не очищая, слегка раздавить плоской стороной ножа.', '2. Положить куриное филе и суповой набор (куриные каркасы, шеи, крылья, лапки) в очень большую кастрюлю. Залить 4 л холодной воды и на небольшом огне довести до кипения. Уменьшить огонь до минимума — бульон не должен кипеть, только 1–2 «булька».', '3. Снимать пену, не перемешивая бульон, — это может занять 20–30 минут. Добавить соль, имбирь, чеснок и белую часть зеленого лука. Варить 4 часа.', '4. Готовый бульон остудить, процедить. Охладить 1 час, удаляя жир.']",https://eda.ru/recepty/bulony/aromatnyy-kurinyy-bulon-s-imbirem-125779
4a831df2-ce8a-11ea-b871-0242ac1c0002,Бульон с яйцами и икрой по‑японски,"['Соевый соус', 'Морская капуста', 'Тунец', 'Соль', 'Перец черный молотый', 'Кукурузный крахмал', 'Икра', 'Яйцо куриное', 'Зелень']",[],"['Калорийность 139 ккал', 'Белки 17,2 грамм', 'Жиры 7,4 грамм', 'Углеводы 6,1 грамм']","['1. Залейте холодной водой морскую капусту и доведите до кипения. Добавьте соль, перец, соевый соус, хлопья сушеного тунца и варите 3 минуты.', '2. Разведите теплой водой кукурузный крахмал и тщательно размешайте. Влейте крахмальную воду в бульон, доведите до кипения и, постоянно помешивая, варите до загустения.', '3. Взбейте яйца и добавьте в суп, постоянно помешивая. Варите 2 минуты.', '4. В готовый суп добавьте красную икру и рубленую зелень.']",https://eda.ru/recepty/bulony/bulon-s-jajcami-ikroj-po-japonski-22480
4ab6d5e8-ce8a-11ea-9715-0242ac1c0002,Бульон с рисом,"['Рис', 'Мясной бульон', 'Петрушка']",['//eda.ru/img/eda/-x900i/s2.eda.ru/StaticContent/Photos/120213174921/1202131749541/p_O.jpg'],"['Калорийность 17 ккал', 'Белки 2,5 грамм', 'Жиры 0,8 грамм', 'Углеводы 0,1 грамм']","['1. Рис хорошо промыть, положить в кастрюлю с горячей водой и дать прокипеть в течение 3-5 минут.', '2. Затем воду слить, рис снова промыть, откинуть на решето и, когда вода стечет, на 20-25 минут положить довариваться в кипящий мясной или куриный бульон.', '3. Готовый бульон разлить в тарелки и посыпать рубленой зеленью петрушки.']",https://eda.ru/recepty/bulony/bulon-s-risom-14644
4ac829ce-ce8a-11ea-84af-0242ac1c0002,Бульон из кореньев,"['Корень петрушки', 'Корень сельдерея', 'Морковь', 'Лук', 'Кольраби', 'Стручковый зеленый горошек', 'Лук-порей', 'Петрушка', 'Вода']",['//eda.ru/img/eda/-x900i/s2.eda.ru/StaticContent/Photos/140512112357/150710160242/p_O.jpg'],"['Калорийность 98 ккал', 'Белки 5,6 грамм', 'Жиры 0,4 грамм', 'Углеводы 24,4 грамм']","['1. Oчистить коренья и перебрать горох (стручки), удалить хвостики, все хорошенько вымыть в холодной воде.', '2. Коренья разрезать на две части, а стручки положить целыми. Все сложить в кастрюлю, залить холодной водой и варить на среднем огне около 1,1/2 часа.', '3. После этого бульон процедить.']",https://eda.ru/recepty/bulony/bulon-iz-korenev-51413
4b14155a-ce8a-11ea-8c8e-0242ac1c0002,Куриный бульон с овощами,"['Куриные крылья', 'Вода', 'Лук репчатый', 'Морковь', 'Стебель сельдерея', 'Мелко рубленный чеснок', 'Петрушка', 'Желатин']",[],"['Калорийность 499 ккал', 'Белки 49,9 грамм', 'Жиры 30,6 грамм', 'Углеводы 7 грамм']","['1. Лук, сельдерей и морковь нарежьте кубиками, измельчите чеснок. Смешайте кусочки курицы, воду, лук, сельдерей, чеснок и петрушку в большой кастрюле и доведите до кипения на слабом огне.', '2. Убавьте огонь и варите около 1 часа 30 минут. Процедите бульон через сито, дайте остыть, затем поместите в контейнеры и поставьте в холодильник до полного охлаждения.', '3. Затем удалите жир и накипь с поверхности бульона. Храните в холодильнике до 5 дней или заморозьте и храните до 6 месяцев.', '4. Если бульон слишком жидкий, даже будучи полностью охлажденными, по желанию добавьте раствор желатина в бульон и доведите до кипения, до полного растворения желатина, затем храните в холодильнике или заморозьте.']",https://eda.ru/recepty/bulony/kurinij-bulon-s-ovoshhami-55543
4b245654-ce8a-11ea-b871-0242ac1c0002,Мясной бульон на запеченных костях,"['Телячьи кости', 'Лук репчатый', 'Морковь', 'Стебель сельдерея', 'Чеснок', 'Душистый перец горошком', 'Черный перец горошком', 'Лавровый лист', 'Морская соль']",['//eda.ru/img/eda/-x900i/s2.eda.ru/StaticContent/Photos/160904132102/160912140037/p_O.jpg'],"['Калорийность 278 ккал', 'Белки 50,9 грамм', 'Жиры 5,2 грамм', 'Углеводы 7,4 грамм']","['1. Духовку  разогреть до 190°С.', '2. Кости запекать в разогретой духовке около 40 минут.', '3. Влить в противень небольшое количество кипятка, чтобы собрать все поджаристые карамельные соки, оставшиеся на противне.', '4. Лук почистить.', '5. Морковь почистить и крупно нарезать.', '6. В тяжелую глубокую кастрюлю отправить кости, соки с противня и все остальные ингредиенты, кроме соли.', '7. Влить 2,5–3 литра холодной воды, довести до кипения, постоянно снимая пену.', '8. Уменьшить огонь и варить на очень медленном огне 1,5–2 часа.', '9. Процедить через марлю или мелкое сито, посолить.']",https://eda.ru/recepty/bulony/myasnoy-bulon-na-zapechennyh-kostyah-80575
4b35cbc8-ce8a-11ea-9715-0242ac1c0002,Бульон рыбный,"['Рыба', 'Лук репчатый', 'Корень петрушки', 'Вода']",['//eda.ru/img/eda/-x900i/s2.eda.ru/StaticContent/Photos/120213174921/120213174948/p_O.jpg'],"['Калорийность 90 ккал', 'Белки 18,1 грамм', 'Жиры 0,8 грамм', 'Углеводы 2,9 грамм']","['1. Для приготовления рыбного бульона употребляется частиковая рыба (судак, окунь и др.), а также красная рыба — осетрина, севрюга, белуга.Бульон из частиковой рыбы приготовляется так: рыбу очистить от чешуи, разрезать брюшко, вынуть внутренности, промыть, нарезать рыбу на порционные куски, из голов вынуть жабры.', '2. Приготовленную таким образом рыбу положить в кастрюлю, залить холодной водой, добавить соль, коренья и лук, нарезанный ломтиками, и варить при слабом кипении 25–30 минут; после этого куски рыбы вынуть, а голову и хвост продолжать варить еще 15–20 минут. Куски рыбы можно положить в тарелки с супом или использовать как самостоятельное второе блюдо.', '3. Рыбный бульон можно сварить также из костей, голов и других зачисток частиковой рыбы. В этом случае с сырой очищенной рыбы снимают филе для приготовления из него второго блюда. Кости разрубают на несколько частей, из голов вынимают жабры, добавляют хвосты и плавники; все это промывают, кладут вместе с кореньями в кастрюлю, заливают холодной водой и варят при медленном кипении около часа.', '4. Наконец, рыбный бульон можно сварить из красной рыбы; в этом случае рекомендуется брать готовое филе. Рыбу залить холодной водой, добавить соль, коренья, лук, нарезанный ломтиками, и варить при медленном кипении 30-40 минут. Вареную рыбу можно использовать для второго блюда.Во всех случаях готовый бульон нужно процедить и затем использовать для приготовления супов.']",https://eda.ru/recepty/bulony/bulon-ribnij-14609
4b67ec8e-ce8a-11ea-84af-0242ac1c0002,Бульон из каштанов,"['Каштаны', 'Лук репчатый', 'Чеснок', 'Уксус', 'Растительное масло', 'Свиное сало', 'Свиное ухо', 'Соль']",[],"['Калорийность 472 ккал', 'Белки 9,8 грамм', 'Жиры 20,8 грамм', 'Углеводы 60,8 грамм']","['1. На каждом каштане с его тупой стороны сделать крестообразный надрез. Разложить каштаны на противне и поставить его в духовку, разогретую до 200 градусов, на двадцать минут. Вытащить и очистить от шкурки.', '2. Сложить в кастрюлю одну целую луковицу, дольку чеснока, кусок свиного сала, свиное ухо (или какой-нибудь другой кусок свиньи — лопатку, ребра и т.п.). Залить водой, довести до кипения и варить примерно час. Затем побросать в кастрюлю каштаны и варить еще час.', '3. Мелко порезать оставшуюся луковицу и поджарить ее на растительном масле до прозрачности. Капнуть в него немного уксуса и перемешать. Добавить лук в бульон.', '4. Бульон вылить в тарелку, наполовину наполненную тонко нарезанными кусочками хлеба, и подавать. Оставшуюся свинину с вареными каштанами можно съесть на второе.']",https://eda.ru/recepty/bulony/bulon-iz-kashtanov-25717
4bcb939c-ce8a-11ea-b871-0242ac1c0002,Бульон с запеченным рисом,"['Панировочные сухари', 'Рис', 'Мясной бульон', 'Яйцо куриное', 'Сыр', 'Растительное масло']",[],"['Калорийность 248 ккал', 'Белки 12,4 грамм', 'Жиры 12,9 грамм', 'Углеводы 20,9 грамм']","['1. Рис сварить, откинуть на сито или дуршлаг, дать стечь воде, затем переложить его в миску или тарелку, добавить сырые яйца, масло, часть натертого сыра, соль; все это хорошо размешать и выложить на смазанную маслом и посыпанную панировочными сухарями сковороду. Поверхность риса выровнять ножом, посыпать остальной частью тертого сыра, полить маслом и поставить в духовой шкаф на 15-20 минут для запекания.', '2. Запеченный рис слегка охладить, выложить на доску (опрокинув сковороду), нарезать, разложить в тарелки и залить горячим мясным или куриным бульоном']",https://eda.ru/recepty/bulony/bulon-s-zapechennim-risom-14650
4be6dec2-ce8a-11ea-8c8e-0242ac1c0002,Неспешный говяжий бульон,"['Говядина', 'Лук', 'Морковь', 'Стебель сельдерея', 'Специи']",[],"['Калорийность 751 ккал', 'Белки 73 грамм', 'Жиры 46,6 грамм', 'Углеводы 11,3 грамм']","['1. Мясо обмыть и обобрать от легко отделяемых пленок (стараться не резать дополнительно).', '2. Промыть  и очистить овощи.', '3. Взять кастрюлю минимум в три раза большую по объему, чем мясо, заложить мясо. Залить мясо холодной водой, так чтобы она полностью закрывала мясо (с небольшим запасом)', '4. Доводим до кипения, убавляем огонь и шумовкой аккуратно собираем появившуюся пену — без фанатизма, уделяем этому занятию минут 5-7.', '5. Первый бульон сливаем, тщательно промываем мясо в холодной воде. Тщательно отмываем кастрюлю.', '6. Опять закладываем мясо и заливаем водой уже в объеме планируемого бульона. Доводим до кипения.', '7. Максимально уменьшаем огонь, собираем оставшуюся пену. Сейчас можно добиваться идеала — собирать «до победного», чтобы бульон получился прозрачный.', '8. На сухой сковороде (без антипригарного покрытия — хорошо подходит советский чугун) подпалить половинки луковиц и моркови. при потемнении добавить сельдерей и еще немного подержать на сковороде - следите за тем, чтобы овощи не горели, а именно подпаливались. Некоторые кулинары рекомендуют не удалять золотую кожицу лука, чтобы придать насыщенность цвету бульона. Здесь - на любителя, я предпочитаю совсем светлые супы.', '9. Кладем овощи в бульон, с которого предварительно сняли всю пену.', '10. Вместе с овощами можно добавить предпочитаемые специи — петрушку (корень), укроп (желательно стебельки — чтобы бульон не мутнел). Черный перец горошком добавлять в зависимости от предпочтений — сейчас или мнут за 15 до окончания варки. Лавровый лист, если и добавлять, то за 15 минут до окончания варки.', '11. Бульон варится без крышки 2-2,5 часа.', '12. Снимаем мясо с костей, процеживаем бульон, соединяем, добавляем оставшиеся специи и соль. Держим на слабом огне еще 15 мин.', '13. Бульон можно подавать как самостоятельное блюдо, например, с горячими бутербродами с сыром, а можно использовать как основу для супов.']",https://eda.ru/recepty/bulony/nespeshnyy-govyazhiy-bulon-92121
4bf00e3e-ce8a-11ea-9715-0242ac1c0002,Прозрачный куриный бульон,"['Вода', 'Курица', 'Петрушка', 'Морковь', 'Лук репчатый', 'Соль']",['//eda.ru/img/eda/-x900i/s2.eda.ru/StaticContent/Photos/120213174921/120213174953/p_O.jpg'],"['Калорийность 331 ккал', 'Белки 27,2 грамм', 'Жиры 23,4 грамм', 'Углеводы 3,4 грамм']","['1. Курицу насухо вытереть полотенцем и опалить (лучше всего на огне спиртовки или на газе), отрубить шейку и лапки, выпотрошить и тщательно промыть. Желудок разрезать, очистить и снять с него пленку; сердце надрезать; лапки ошпарить, снять с них кожицу и обрубить когти; голову ощипать; с печени осторожно срезать желчный пузырь. Все потроха промыть.На тушке курицы, ниже грудки, сделать два надреза и заправить в них ножки, а крылышки подогнуть к спинке — это придает тушке более красивую и удобную для варки форму.', '2. Подготовленные таким образом курицу и потроха вместе с очищенными и разрезанными кореньями положить в кастрюлю, залить холодной водой, накрыть крышкой и поставить варить. Появившуюся в начале кипения пену снять шумовкой. Время варки курицы колеблется от 1 до 2 часов, в зависимости от ее величины и возраста. Готовность курицы определяют при помощи вилки. Если вилка свободно прокалывает мясо ножки, то курица готова.', '3. Курицу и потроха вынуть из бульона, положить в другую кастрюлю и накрыть. Бульон процедить.']",https://eda.ru/recepty/bulony/prozrachnij-kurinij-bulon-14635
4c01fa40-ce8a-11ea-84af-0242ac1c0002,Рис в бульоне с овощами,"['Рис', 'Лисички', 'Яйцо куриное', 'Специи', 'Огурцы', 'Зеленый салат', 'Вода']",[],"['Калорийность 273 ккал', 'Белки 9,1 грамм', 'Жиры 4,1 грамм', 'Углеводы 50,4 грамм']","['1. Сварите рис.', '2. Порежьте салат, огурцы и яйцо.', '3. Налейте немного бульона в глубокую миску, засыпьте это рисом, сверху добавьте огурцы, грибы, яйцо и листья салата (или любую другую зелень).', '4. Обжарьте грибы.', '5. Переложите грибы в кастрюлю, добавьте специи, залейте водой. Доведите до кипения и варите 3–5 минут.', '6. Сварите яйцо.']",https://eda.ru/recepty/bulony/ris-v-bulone-s-ovoschami-27189
4c7eb9cc-ce8a-11ea-b871-0242ac1c0002,Овощной бульон с белым вином,"['Морковь', 'Лук репчатый', 'Лук-порей', 'Имбирь', 'Сельдерей', 'Петрушка', 'Белое сухое вино', 'Лавровый лист']",[],"['Калорийность 116 ккал', 'Белки 3,6 грамм', 'Жиры 0,4 грамм', 'Углеводы 18,6 грамм']","['1. Белую часть стебля порея, очищенную морковь, 1 стебель сельдерея, 2 луковицы, имбирь нарезать и положить в кастрюлю. Туда же отправить пучок петрушки, 1–2 лавровых листа, стакан вина и 2 литра воды.', '2. Довести до кипения на быстром огне, убрать огонь до малого и варить в кастрюле, пока жидкость не выпариться примерно на треть.']",https://eda.ru/recepty/bulony/ovoshhnoj-bulon-s-belim-vinom-39764
4c932772-ce8a-11ea-8c8e-0242ac1c0002,Потофё,"['Говяжьи голяшки', 'Говядина', 'Говяжьи ребра', 'Мозговые кости', 'Гвоздика', 'Лук репчатый', 'Букет гарни', 'Лавровый лист', 'Соль', 'Стебель сельдерея', 'Морковь', 'Лук-порей', 'Репа', 'Молодой картофель', 'Французский багет', 'Душистый перец горошком']",['//eda.ru/img/eda/-x900i/s2.eda.ru/StaticContent/Photos/120213175433/180412194629/p_O.jpg'],"['Калорийность 988 ккал', 'Белки 87,5 грамм', 'Жиры 47,9 грамм', 'Углеводы 51,5 грамм']","['1. Обернуть мозговую кость марлей и перевязать, голяшки и остальное мясо плотно завязать кулинарной нитью, чтобы мясо не развалилось во время варки. Поместить все говяжьи части на дно кастрюли, залить водой, довести до кипения, снять пену и снизить огонь.', '2. Луковицу разрезать пополам, не очищая ее. Воткнуть в половинки лука гвоздику, поджарить лук на сухой сковороде на стороне разреза до темно-коричневого цвета. Бросить лук в кастрюлю к мясу. Добавить также букет гарни, перец горошком, лавровый лист. Варить на небольшом огне 2,5 часа. Посолить.', '3. Поместить в марлевый мешочек отдельно каждый вид овощей: крупно нарезанные сельдерей, морковь, порей, разрезанные пополам репу и картофель. Отправить их вариться в бульон в течение 30–40 минут. Как только овощ станет мягким, доставать его из кастрюли, пока он не превратился в пюре.', '4. Когда все овощи будут готовы, процедить бульон через сито с марлей. Выбросить луковицу и букет гарни.', '5. Потофё подавать отдельно: на поджаренный хлеб намазать костный мозг, в большие тарелки выложить вареные овощи и кусочки мяса, а в небольшие глубокие тарелки разлить насыщенный мясной бульон.']",https://eda.ru/recepty/bulony/potofyo-114696
4caabb44-ce8a-11ea-84af-0242ac1c0002,Грибной бульон,"['Сушеные грибы', 'Вода']",['//eda.ru/img/eda/-x900i/s1.eda.ru/StaticContent/Photos/120213174921/1202131749481/p_O.jpg'],"['Калорийность 24 ккал', 'Белки 2 грамм', 'Жиры 0,5 грамм', 'Углеводы 2,6 грамм']","['1. Промытые в теплой воде сухие грибы положить в кастрюлю, добавить очищенную и разрезанную пополам луковицу, залить холодной водой и варить при слабом кипении в течение 2 — 2 1/2 часов. Для ускорения варки грибы можно предварительно замочить на 1–2 часа в холодной воде, в которой их потом и варить.', '2. Готовый бульон процедить, грибы промыть холодной водой, мелко нашинковать и положить в суп, приготовляемый из грибного бульона.']",https://eda.ru/recepty/bulony/gribnoj-bulon-14612
4cb34b9c-ce8a-11ea-9715-0242ac1c0002,Бульон с фрикадельками,"['Мясной бульон', 'Мясо', 'Соль', 'Перец черный молотый', 'Петрушка']",['//eda.ru/img/eda/-x900i/s1.eda.ru/StaticContent/Photos/120213174921/1202131749560/p_O.jpg'],"['Калорийность 119 ккал', 'Белки 13,2 грамм', 'Жиры 7,5 грамм', 'Углеводы 0 грамм']","['1. Мякоть сырого мяса пропустить два-три раза через мясорубку, прибавить соль, перец и 2 столовые ложки холодной воды. Полученную массу тщательно перемешать, разделать в виде шариков (фрикаделек) и опустить их в готовый кипящий мясной или куриный бульон. Затем фрикадельки вынуть шумовкой и разложить в тарелки по 8-10 штук.', '2. Бульон процедить и залить им фрикадельки, сверху посыпать зеленью петрушки.']",https://eda.ru/recepty/bulony/bulon-s-frikadelkami-14657
4d21f6aa-ce8a-11ea-b871-0242ac1c0002,Классический рыбный бульон,"['Рыбные кости', 'Рыбные обрезки', 'Морковь', 'Корень петрушки', 'Лук репчатый', 'Соль', 'Черный перец горошком', 'Перец черный молотый', 'Зелень']",['//eda.ru/img/eda/-x900i/s2.eda.ru/StaticContent/Photos/161229143423/170113161538/p_O.jpg'],"['Калорийность 161 ккал', 'Белки 30,3 грамм', 'Жиры 2,4 грамм', 'Углеводы 4,9 грамм']","['1. Головы, кости и плавники рыбы хорошо промыть, уложить в кастрюлю, залить холодной водой и на слабом огне довести до кипения.', '2. Уменьшить огонь и варить один час.', '3. Затем положить овощи и довести до готовности.', '4. Готовый бульон процедить, заправить солью и перцем, посыпать зеленью.']",https://eda.ru/recepty/bulony/klassicheskiy-rybnyy-bulon-91810
4d4357b4-ce8a-11ea-84af-0242ac1c0002,Винный бульон,"['Лук репчатый', 'Морковь', 'Лук-порей', 'Стебель сельдерея', 'Петрушка', 'Чабрец', 'Стебель фенхеля', 'Чеснок', 'Лавровый лист', 'Вода', 'Соль', 'Черный перец горошком', 'Белое вино']",['//eda.ru/img/eda/-x900i/s2.eda.ru/StaticContent/Photos/110801145258/120214133943/p_O.jpg'],[],"['1. Нашинковать овощи, сельдерей порезать кубиками. Положить овощи в большую кастрюлю и залить водой. Довести до кипения, убавить огонь, накрыть крышкой и варить около 15 минут. Добавить вино и варить еще 15 минут. В самом конце кинуть перец горошком.']",https://eda.ru/recepty/bulony/vinnij-bulon-26052
4d52d392-ce8a-11ea-8c8e-0242ac1c0002,Рыбный бульон ‑ Фуме,"['Голова трески', 'Соль', 'Растительное масло', 'Лук репчатый', 'Лук', 'Лук-порей', 'Манная крупа', 'Сельдерей', 'Чеснок', 'Белое сухое вино', 'Петрушка', 'Листья эстрагона', 'Лавровый лист', 'Черный перец горошком']",[],"['Калорийность 294 ккал', 'Белки 7,4 грамм', 'Жиры 9,6 грамм', 'Углеводы 40 грамм']","['1. В миске залейте холодной водой рыбьи косточки и головы. Добавьте соль, перемешайте до растворения соли и оставьте на час.', '2. Слейте воду. Промойте под проточной водой, тщательно очищая от крови «проблемные» участки (например, рядом с позвоночником).', '3. В большой кастрюле подогрейте масло на среднем огне. Добавьте лук, фенхель, лук-порей, сельдерей, чеснок и пассеруйте примерно 3 минуты. Овощи должны стать мягкими. Добавьте рыбьи кости и головы. Влейте вино и доведите до кипения. Добавьте 4 стакана воды, петрушку, эстрагон, лавровый лист, горошины черного перца.', '4. Доведите до кипения и готовьте на медленном огне 20 минут. Убирите накипь ложкой при необходимости.', '5. Процедите готовый рыбный бульон через плотное ситечко. Можно хранить охлажденный бульон 5 дней в холодильнике. В морозилке этот бульон может храниться до 3 месяцев.']",https://eda.ru/recepty/bulony/ribnij-bulon-fume-53711
4d64e9b0-ce8a-11ea-9715-0242ac1c0002,Куриный бульон с манными клецками,"['Курица', 'Морковь', 'Лук репчатый', 'Петрушка', 'Сельдерей', 'Сливочное масло', 'Манная крупа', 'Яйцо куриное', 'Соль', 'Зелень']",['//eda.ru/img/eda/-x900i/s2.eda.ru/StaticContent/Photos/120131082543/120214123713/p_O.jpg'],"['Калорийность 461 ккал', 'Белки 28,2 грамм', 'Жиры 27,4 грамм', 'Углеводы 26,7 грамм']","['1. Курицу залить холодной водой и довести до кипения. Снять пену, добавить морковь, сельдерей, петрушку и лук. Посолить. Варить до готовности.', '2. Вынуть курицу, отделить мясо от костей и разделать на небольшие кусочки.', '3. Процедить бульон и вновь поставить на огонь. Добавить куриное мясо.', '4. Замесить тесто из манной крупы со сливочным маслом, яйцом и солью. Разделить тесто на клецки и опустить в бульон.', '5. Посыпать готовый бульон рубленой зеленью.']",https://eda.ru/recepty/bulony/kurinij-bulon-s-mannimi-kleckami-22642
4da1295c-ce8a-11ea-b871-0242ac1c0002,Концентрированный телячий бульон для соусов,"['Телячьи кости', 'Телячья лопатка', 'Лук репчатый', 'Морковь', 'Корень сельдерея', 'Лук-порей', 'Букет гарни', 'Телячья нога']",['//eda.ru/img/eda/-x900i/s2.eda.ru/StaticContent/Photos/140124100744/161115131036/p_O.jpg'],"['Калорийность 597 ккал', 'Белки 103,9 грамм', 'Жиры 16 грамм', 'Углеводы 9,6 грамм']","['1. Накануне 30-40 минут запекайте на противне при 200 С 2 кг разрубленных телячьих костей и 150 г лопатки или рульки кусками.', '2. На сковороде на сильном огне обуглите (до черноты) 2 очищенные и разрезанные пополам луковицы (срезом вниз).', '3. Почистите 150 г моркови, 100 г сельдерея и 100 г белого стебля лука-порея.', '4. Нарежьте мелкими кусочками.', '5. Положите кости и мясо в большую кастрюлю.', '6. Слейте с противня жир и дегласируйте 1 стаканом воды. Перелейте получившийся сок в кастрюлю.', '7. Добавьте овощи, лук, 1/2 ножки теленка и 1 букет гарни.', '8. Подрумянивайте 5 минут на большом огне.', '9. Залейте с верхом холодной водой, доведите до кипения, затем при очень слабом кипении варите без крышки 4 часа, постоянно снимая пену.', '10. Процедите бульон и дайте остыть. Уберите в холодильник на всю ночь.', '11. На следующий день снимите с поверхности застывший жир, перелейте жидкость в кастрюлю и выпарите наполовину, чтобы получить концентрированный бульон.']",https://eda.ru/recepty/bulony/koncentrirovannyy-telyachiy-bulon-dlya-sousov-81301
4de1f676-ce8a-11ea-84af-0242ac1c0002,Бульон куриный с клецками из мацы,"['Лук репчатый', 'Маца', 'Рубленая петрушка', 'Растительное масло', 'Яйцо куриное', 'Тертый имбирь', 'Куриный бульон', 'Соль', 'Перец черный молотый']",['//eda.ru/img/eda/-x900i/s2.eda.ru/StaticContent/Photos/120131085657/120213175549/p_O.jpg'],"['Калорийность 184 ккал', 'Белки 7,6 грамм', 'Жиры 13 грамм', 'Углеводы 9,2 грамм']","['1. Замочить мацу в холодной воде в течение 5 минут, слить и отжать.', '2. Обжарить лук в масле до золотистого цвета.', '3. Нашинковать петрушку. Взбить слегка яйца.', '4. Смешать отжатую мацу, жареный лук, петрушку и яйца. Приправить солью, перцем и имбирем, добавить муку. Охлаждать 1 час.', '5. Скатать маленькие шарики, окунуть их в кипящий суп и варить около 20 минут.', '6. Подавать, украсив петрушкой.']",https://eda.ru/recepty/bulony/bulon-kurinij-s-kleckami-iz-maci-16656
4e023666-ce8a-11ea-8c8e-0242ac1c0002,Густой рыбный суп с овощами и сливками (Ватерзой),"['Сливки 25%-ные', 'Треска', 'Яичный желток', 'Рыбный бульон', 'Лук-порей', 'Морковь', 'Корень сельдерея', 'Картофель', 'Петрушка', 'Укроп', 'Лавровый лист', 'Соль', 'Перец черный молотый', 'Оливковое масло', 'Черный перец горошком']","['//eda.ru/img/eda/-x900i/s2.eda.ru/StaticContent/Photos/120515204458/120528182953/p_O.jpg', '//eda.ru/img/eda/-x900i/s2.eda.ru/StaticContent/Photos/150707173742/150713184854/p_O.jpg', '//eda.ru/img/eda/-x900i/s2.eda.ru/StaticContent/Photos/140902214744/140912105309/p_O.jpg', '//eda.ru/img/eda/-x900i/s1.eda.ru/StaticContent/Photos/130104145234/161002154415/p_O.jpg']","['Калорийность 836 ккал', 'Белки 53,9 грамм', 'Жиры 55,9 грамм', 'Углеводы 27,8 грамм']","['1. Отварить обычный рыбный бульон, рыбу вынуть, дать остыть, разобрать на крупные куски, удалить кости.', '2. Морковь, корень сельдерей помыть, почистить и нарезать соломкой. Картофель почистить и нарезать брусочками. Белую часть лука порея нарезать полукольцами.', '3. В кастрюле с толстым дном обжарить до мягкости лук-порей, затем туда добавить морковь и сельдерей, готовить 10 минут, постоянно помешивая.', '4. Влить бульон, положить картофель, довести до кипения, положить лавровый лист и перец горошком, накрыть крышкой и готовить на медленном огне еще минут 15.', '5. Добавить рыбу, дать закипеть и готовить еще 10 минут.', '6. Аккуратно вынуть рыбу.', '7. Смешать половник подостывшего бульона из супа, желток и сливки, влить все в суп, посолить, поперчить, прогреть, но не кипятить, 3 минуты.', '8. В порционную тарелку положить кусок рыбы, залить бульоном с овощами, посыпать зеленью и подать на стол.']",https://eda.ru/recepty/bulony/gustoj-ribnij-sup-s-ovoschami-slivkami-vaterzoj-31792
4e267486-ce8a-11ea-9715-0242ac1c0002,Бульон с макаронными изделиями,"['Вермишель', 'Мясной бульон']",['//eda.ru/img/eda/-x900i/s1.eda.ru/StaticContent/Photos/120213174921/120213174954/p_O.jpg'],"['Калорийность 238 ккал', 'Белки 12 грамм', 'Жиры 2,6 грамм', 'Углеводы 41,1 грамм']","['1. Вермишель (лапшу, ушки или звездочки) опустить на 2-3 минуты в кипящую воду, после чего переложить в кипящий прозрачный мясной или куриный бульон и доваривать до готовности в течение 12-15 минут. Мучные изделия отваривают в воде для сохранения прозрачности бульона.']",https://eda.ru/recepty/bulony/bulon-s-makaronnimi-izdelijami-14640
4e3889aa-ce8a-11ea-b871-0242ac1c0002,Говяжий бульон с вином зинфандель,"['Говяжьи кости', 'Лук репчатый', 'Морковь', 'Стебель сельдерея', 'Тимьян', 'Черный перец горошком', 'Вино', 'Петрушка', 'Растительное масло']",[],"['Калорийность 1288 ккал', 'Белки 143,3 грамм', 'Жиры 63,4 грамм', 'Углеводы 24,5 грамм']","['1. Разогреть масло на среднем огне в широкой и глубокой сковороде и добавить кости, посолить и поперчить. Жарить около пятнадцати минут до появления ярко-коричневой корочки.', '2. Кулинарными щипцами переложить кости в миску. Добавить в сковороду измельченный лук, морковь и сельдерей и тушить до мягкости десять минут. Вернуть в сковороду кости и залить 3 литрами воды, добавить вино зинфандель, тимьян, петрушку и черный перец горошком. Убавить огонь до слабого и варить три часа, пока объем жидкости не уменьшится до трех с половиной стаканов.', '3. Готовый бульон процедить и остудить в холодильнике. Перед использованием снять с поверхности застывший жир.']",https://eda.ru/recepty/bulony/govjazhij-bulon-s-vinom-zinfandel-42473
4e95983e-ce8a-11ea-84af-0242ac1c0002,Бульон даси с имбирем,"['Чеснок', 'Морская капуста', 'Тертый имбирь', 'Соль']",['//eda.ru/img/eda/-x900i/s1.eda.ru/StaticContent/Photos/110816121851/120213190510/p_O.jpg'],"['Калорийность 15 ккал', 'Белки 0,4 грамм', 'Жиры 0,6 грамм', 'Углеводы 2,1 грамм']","['1. Сушеные водоросли нарезать кусочками и залить водой и довести до кипения.', '2. Добавить имбирь, чеснок и поварить 5 минут.', '3. Посолить, накрыть крышкой и дать настояться в течение получаса.']",https://eda.ru/recepty/bulony/bulon-dasi-s-imbirem-22285
4ec3448c-ce8a-11ea-9715-0242ac1c0002,Бульон с гречневой лапшой и морскими гребешками,"['Морская капуста', 'Мисо паста', 'Соевый соус', 'Имбирь', 'Морковь', 'Лапша соба', 'Гребешки', 'Королевские креветки', 'Зеленый лук', 'Соль', 'Перец черный молотый']",['//eda.ru/img/eda/-x900i/s1.eda.ru/StaticContent/Photos/120214122930/120214123443/p_O.jpg'],"['Калорийность 310 ккал', 'Белки 40,3 грамм', 'Жиры 4,8 грамм', 'Углеводы 28,5 грамм']","['1. Залейте холодной водой морскую капусту и доведите до кипения. Добавьте пасту мисо и соевый соус. Варите 5 минут.', '2. Очистите морковь и нарежьте соломкой. Добавьте в бульон. Варите 3 минуты.', '3. На несколько минут опустите в бульон имбирь.', '4. Добавьте в бульон гребешки, креветки и варите 2 минуты.', '5. Отварите отдельно лапшу и добавьте в бульон.', '6. Мелко порубите лук и посыпьте бульон.']",https://eda.ru/recepty/bulony/bulon-s-grechnevoj-lapshoj-morskimi-grebeshkami-22487
4ed7d136-ce8a-11ea-8c8e-0242ac1c0002,Кокосовый суп,"['Кокосовое молоко', 'Куриный бульон', 'Шампиньоны', 'Куриная грудка', 'Морковь', 'Имбирь', 'Красный перец чили', 'Рыбный соус', 'Сахар', 'Перец черный молотый', 'Лимонная трава', 'Паприка']",['//eda.ru/img/eda/-x900i/s2.eda.ru/StaticContent/Photos/120131084848/120213181936/p_O.jpg'],"['Калорийность 556 ккал', 'Белки 49,3 грамм', 'Жиры 27,6 грамм', 'Углеводы 28,5 грамм']","['1. Кокосовое молоко и куриный бульон влить в кастрюлю, довести до кипения и добавить нарезанную колечками морковь и крупно порубленный имбирь. Ту да же добавить чили перчик и предварительно подавленную плоскостью ножа лимонную траву (при желании). Варить 10 мин.', '2. Шампиньоны и куриное филе (при желании можно заменить креветками или любыми другими морепродуктами) нарезать и добавить в кипящий суп. Варить 8 мин.', '3. Влить в суп столовую ложку рыбного соуса, добавить сахар и оставшиеся специи, варить ещё 3 мин, постоянно помешивая.']",https://eda.ru/recepty/bulony/kokosovij-sup-19169
4eed75cc-ce8a-11ea-b871-0242ac1c0002,Бульон даши,"['Вода', 'Сушеные анчоусы', 'Сушеная ламинария']",[],"['Калорийность 44 ккал', 'Белки 6,1 грамм', 'Жиры 1,5 грамм', 'Углеводы 1,4 грамм']","['1. У анчоусов отрываем голову, а филе разрываем пополам вдоль хребта.', '2. Водоросль чистим от соли влажной салфеткой. Кладем в холодную воду анчоусы и водоросли, на большом огне быстро доводим до кипения, снимая пенки. Как закипело сразу достаем водоросли и выбрасываем. Уменьшаем огонь и варим анчоусы 7 минут.', '3. НЕМЕДЛЕННО убираем кастрюлю с плиты и процеживаем через марлю. Бульон должен получиться цвета слабого зеленого чая, с чуть солоноватым вкусом.']",https://eda.ru/recepty/bulony/bulon-dashi-46327
4f244de0-ce8a-11ea-84af-0242ac1c0002,Густой говяжий бульон,"['Бычий хвост', 'Лук репчатый', 'Сельдерей', 'Свежая кинза (кориандр)', 'Чеснок', 'Палочки корицы', 'Анис (бадьян)', 'Лимонная трава', 'Сахар', 'Соевый соус', 'Черный перец горошком', 'Морковь']",['//eda.ru/img/eda/-x900i/s1.eda.ru/StaticContent/Photos/120213180745/120213181052/p_O.jpg'],"['Калорийность 379 ккал', 'Белки 30,2 грамм', 'Жиры 8,6 грамм', 'Углеводы 46,8 грамм']","['1. Положить все ингредиенты (предварительно нарезанные) в большую кастрюлю для супа, налить воду так, чтобы она полностью покрывала говяжьи хвосты (10–12 см). Варить на медленном огне как минимум 3 часа, периодически проверяя количество воды в кастрюле и подливая ее в случае необходимости. В конце у вас должно остаться примерно 6 чашек бульона.', '2. Вынуть хвосты и процедить бульон, сохранив лук, морковь, чеснок и приправы. Бульон можно заморозить, чтобы использовать в других блюдах, а можно использовать сразу с готовыми овощами.']",https://eda.ru/recepty/bulony/gustoj-govjazhij-bulon-18424
4f5e6b60-ce8a-11ea-9715-0242ac1c0002,Бульон из дичи,"['Фазан', 'Петрушка', 'Морковь', 'Лук репчатый', 'Стебель сельдерея', 'Вода', 'Соль']",['//eda.ru/img/eda/-x900i/s1.eda.ru/StaticContent/Photos/120213174921/1202131749522/p_O.jpg'],"['Калорийность 865 ккал', 'Белки 60,9 грамм', 'Жиры 66,7 грамм', 'Углеводы 5,7 грамм']","['1. Кости и зачистки надо разрубить помельче, сложить в суповую кастрюлю, добавить туда же поджаренные без масла морковь, петрушку, луковицу, затем прибавить стебли сельдерея (или несколько ломтиков корня сельдерея), залить все это водой и поставить на огонь.', '2. Когда бульон закипит, снять пену и продолжать варку на слабом огне около часа. Перед окончанием варки бульон посолить, дать ему отстояться и затем процедить.']",https://eda.ru/recepty/bulony/bulon-iz-dichi-14634
4f7e9746-ce8a-11ea-8c8e-0242ac1c0002,Хаш,"['Говяжья нога', 'Говяжий рубец', 'Чеснок', 'Редька']","['//eda.ru/img/eda/-x900i/s1.eda.ru/StaticContent/Photos/120131082527/170517160620/p_O.jpg', '//eda.ru/img/eda/-x900i/s1.eda.ru/StaticContent/Photos/120214141717/120214142316/p_O.jpg']","['Калорийность 766 ккал', 'Белки 114,6 грамм', 'Жиры 30,2 грамм', 'Углеводы 10 грамм']","['1. Ножки опалить, выскоблить, промыть несколько раз, разрубить на части вдоль и положить на сутки либо в проточную воду, либо залить холодной водой и менять ее каждые 2–3 часа. Затем вновь промыть, переложить в эмалированный таз, залить водой, чтобы она покрывала ножки слоем в 15–20 см, и варить на слабом огне.', '2. Рубцы очистить, промыть, залить холодной водой и варить до исчезновения специфического запаха (определяется пробой), затем отвар вылить, а рубцы промыть горячей и холодной водой, нарезать мелко и добавить к варящимся ножкам.', '3. Продолжать варить хаш на медленном огне без соли, не допуская сильного кипения, снимая пену, пока мясо не будет отделяться от костей и рубцы не станут мягкими.', '4. Готовый горячий хаш посолить, засыпать измельченным чесноком, или развести толченый чеснок в бульоне и подать отдельно.']",https://eda.ru/recepty/bulony/hash-28494
4f91ca1e-ce8a-11ea-b871-0242ac1c0002,Бульон с манной крупой,"['Мясной бульон', 'Манная крупа']",[],"['Калорийность 60 ккал', 'Белки 3,9 грамм', 'Жиры 1 грамм', 'Углеводы 9,8 грамм']","['1. В кипящий мясной или куриный бульон всыпать, помешивая ложкой, просеянную манную крупу и варить около 10 минут.', '2. Готовый суп разлить в тарелки и посыпать зеленью петрушки. При подаче на стол можно положить в каждую тарелку 1 столовую ложку прогретого консервированного зеленого горошка и по 1 яйцу, сваренному в мешочек.']",https://eda.ru/recepty/bulony/bulon-s-mannoj-krupoj-14641
4fb2e136-ce8a-11ea-84af-0242ac1c0002,Бульон из костей,"['Мясные кости', 'Петрушка', 'Морковь', 'Лук репчатый', 'Вода']",['//eda.ru/img/eda/-x900i/s1.eda.ru/StaticContent/Photos/120213174921/1202131749470/p_O.jpg'],"['Калорийность 216 ккал', 'Белки 9,7 грамм', 'Жиры 18,8 грамм', 'Углеводы 2,4 грамм']","['1. Бульон из костей варят в том случае, когда из мякоти хотят приготовить второе блюдо (котлеты, гуляш и пр.). Чтобы кости лучше и быстрее вываривались, их нужно разрубить помельче. Промытые и разрубленные кости положить в кастрюлю, залить холодной водой и поставить варить. Бульон из костей варят так же, как и из мяса, т. е. при слабом кипении и периодически снимая с бульона жир. Время варки бульона из костей от 2 1/2 до 3 часов. Чтобы придать бульону лучший вкус, следует за час до окончания варки положить в бульон очищенные коренья, лук, а также соль. Готовый бульон процедить.']",https://eda.ru/recepty/bulony/bulon-iz-kostej-14603
500a9804-ce8a-11ea-9715-0242ac1c0002,Бульон с кореньями и рисом,"['Мясной бульон', 'Лук репчатый', 'Морковь', 'Репа', 'Корень петрушки', 'Щавель', 'Рис', 'Стручковый зеленый горошек', 'Соль', 'Растительное масло', 'Петрушка']",['//eda.ru/img/eda/-x900i/s2.eda.ru/StaticContent/Photos/120213174921/1202131749543/p_O.jpg'],"['Калорийность 82 ккал', 'Белки 3,7 грамм', 'Жиры 3 грамм', 'Углеводы 11,1 грамм']","['1. Очищенные коренья нарезать кубиками, положить в кастрюлю, слегка поджарить в масле, залить 2 стаканами бульона и варить под крышкой на слабом огне в течение 5-10 минут. Затем положить в кастрюлю нарезанные стручки горошка или фасоли и варить еще 10 минут. После этого добавить нарезанный щавель и дать прокипеть в течение 2-3 минут.', '2. Отдельно в кастрюле отварить рис. При подаче к столу положить в тарелку сваренный рис и овощи, залить бульоном и посыпать зеленью петрушки.']",https://eda.ru/recepty/bulony/bulon-s-korenjami-risom-14647
50290776-ce8a-11ea-8c8e-0242ac1c0002,Куриный бешбармак,"['Зеленый лук', 'Курица', 'Чеснок', 'Соль', 'Перец черный молотый', 'Пшеничная мука', 'Вода', 'Яйцо куриное']",['//eda.ru/img/eda/-x900i/s1.eda.ru/StaticContent/Photos/120214131251/120214131802/p_O.jpg'],"['Калорийность 743 ккал', 'Белки 49,2 грамм', 'Жиры 38 грамм', 'Углеводы 52 грамм']","['1. Сварить бульон из курицы, мясо отделить от костей и мелко порезать. В пиалу собрать образовавшийся жир и немного бульона, добавить соль и перец, выдавить чеснок и отставить настаиваться.', '2. Замесить тесто из муки, воды и яиц, добавить соль. Раскатать тонкие лепешки и отварить в бульоне.', '3. Порезать лепешки небольшими кусками, добавить куриное мясо, полить настоявшимся бульоном и посыпать рубленым зеленым луком.']",https://eda.ru/recepty/bulony/kurinij-beshbarmak-24776
50c72b86-ce8a-11ea-8c8e-0242ac1c0002,Хлебный суп с яблоками,"['Ржаные сухарики', 'Вода', 'Сахар', 'Яблоко', 'Лимонная цедра', 'Гвоздика', 'Сливки']",['//eda.ru/img/eda/-x900i/s1.eda.ru/StaticContent/Photos/120213184037/120213184220/p_O.jpg'],"['Калорийность 248 ккал', 'Белки 4,9 грамм', 'Жиры 2,2 грамм', 'Углеводы 52,3 грамм']","['1. Сухари ненадолго замочить в литре воды, а затем разварить вместе с мелко нарезанными яблоками.', '2. Полученную хлебно-яблочную массу пропустить через дуршлаг.', '3. Добавить сахар, пряности, проварить, не доводя до кипения.', '4. Подать со взбитыми сливками.']",https://eda.ru/recepty/bulony/hlebnij-sup-s-jablokami-20793
516f130a-ce8a-11ea-8c8e-0242ac1c0002,Даши,"['Вода', 'Сушеная ламинария', 'Сушеные анчоусы']",['//eda.ru/img/eda/-x900i/s1.eda.ru/StaticContent/Photos/120214134655/120214135355/p_O.jpg'],"['Калорийность 175 ккал', 'Белки 24,3 грамм', 'Жиры 6,1 грамм', 'Углеводы 5,7 грамм']","['1. У рыбы отламываем голову, а филе разрываем пополам вдоль хребта.', '2. Водоросль чистим от соли влажной салфеткой.', '3. Водоросль и анчоусы доводим до кипения на сильном огне, снимая пенку. После чего водоросль достаем и сразу же выбрасываем.', '4. Уменьшаем огонь и варим анчоусы 7 минут.', '5. Убираем бульон с плиты и процеживаем через дуршлаг.', '6. Даши можно хранить в холодильнике до 3 дней.']",https://eda.ru/recepty/bulony/dashi-26702
51fe3a9e-ce8a-11ea-8c8e-0242ac1c0002,Суп с кимчи,"['Капуста кимчи', 'Свиная шея', 'Зеленый лук', 'Твердый тофу', 'Паста кочудян', 'Сахар', 'Вода']",['//eda.ru/img/eda/-x900i/s1.eda.ru/StaticContent/Photos/160415112843/160418144553/p_O.jpg'],"['Калорийность 514 ккал', 'Белки 24,4 грамм', 'Жиры 39,8 грамм', 'Углеводы 14,5 грамм']","['1. Ополоснуть свинину и нарезать ее небольшими кубиками, скажем, 2 на 2 см.Капусту Кимчи нарезать некрупными кусочками, соразмерно кусочкам мяса.    Ополоснуть стрелку зеленого лука и кусочек тофу.', '2. Тофу нарезать кубиками, как и мясо.', '3. У стрелки зеленого лука отделить белую часть от зеленой. Белая часть в этом рецепте не пригодится, а зеленую нарезать отрезками по 2 см, и пару отрезков колечками (для украшения супа).', '4. Сложить в кастрюльку кусочки свинины и капусты кимчи (вместе с рассолом), пасту Кочудян и белый сахар.', '5. Налить в кастрюльку воду, поставить ее на огонь и довести жидкость до кипения. Уменьшить огонь до среднего, накрыть крышкой и варить 30 минут.', '6. Добавить в кастрюльку кубики тофу, дать жидкости снова закипеть, уменьшить огонь до ниже среднего и варить еще 10 минут. Добавить в суп отрезки зеленого лука и снять кастрюльку с супом с огня.', '7. Положить в порционные пиалы кусочки вареного мяса, капусты и тофу, залить бульоном, посыпать колечками зеленого лука и сразу подавать к столу.', '8. По желанию можно добавить водоросли и яичный белок.', '9. К этому супу подают отварной пресный рис.']",https://eda.ru/recepty/bulony/sup-s-kimchi-68961
